900000000,Lyda,Dufrene
900000001,Antony,Mccluney
900000002,Ludie,Sollers
900000003,Tia,Boniello
900000004,Carolynn,Borders
900000005,Kelli,Gheen
900000006,Eleanora,Serrao
900000007,Linnie,Racanelli
900000008,Noemi,Bunting
900000009,Norene,Picha
900000010,Elmira,Rand
900000011,Roland,Gerard
900000012,Ninfa,Millner
900000013,Chante,Valente
900000014,Loise,Persing
900000015,Delora,Cason
900000016,Dave,Hultman
900000017,Delma,Eldred
900000018,Yuk,Siemers
900000019,Barb,Goshorn
900000020,Rheba,Mingle
900000021,Zita,Ahmad
900000022,Damion,Philip
900000023,Carmela,Boylan
900000024,Paris,Sauter
900000025,Arica,Khang
900000026,Sandie,Dartez
900000027,Lorette,Urena
900000028,Marnie,Kierstead
900000029,Chelsey,Didomenico
900000030,Shea,Sallee
900000031,Albina,Tennison
900000032,Angelique,Launer
900000033,Cierra,Zook
900000034,Ernest,Schear
900000035,Bette,Sgro
900000036,Susann,Horrocks
900000037,Eugenio,Keeler
900000038,Shandi,Gullette
900000039,Laveta,Armistead
900000040,Buster,Seamon
900000041,Ines,Lafortune
900000042,Christene,Dunbar
900000043,January,Crimmins
900000044,Angle,Grigsby
900000045,Tressie,Haase
900000046,Glenda,Oviatt
900000047,Nidia,Daily
900000048,Soo,Dworkin
900000049,Vernon,Jacobsen
900000050,Kirstie,Catania
900000051,Riva,Swanner
900000052,Madeleine,Nipper
900000053,Delaine,Edmiston
900000054,Tamesha,Mott
900000055,Alma,Bounds
900000056,Janie,Spoon
900000057,Delma,Yoshimura
900000058,Della,Clinger
900000059,Oralia,Golla
900000060,Tommie,Clift
900000061,Liliana,Deal
900000062,Cara,Hutchings
900000063,Jennie,Tindall
900000064,Kristy,Brekke
900000065,Temeka,Groat
900000066,Casey,Mcglaughlin
900000067,Jen,Tebbs
900000068,Muoi,Melugin
900000069,Tonya,Vanauken
900000070,Emmie,Ulery
900000071,Eleonor,Seaton
900000072,Eloisa,Forrest
900000073,Evangelina,Modeste
900000074,Brett,Garica
900000075,Hermina,Greenhaw
900000076,Thea,Baity
900000077,Shanta,Maas
900000078,Jody,Chidester
900000079,Cherilyn,Boger
900000080,Bernardina,Mckamie
900000081,Loyce,Jone
900000082,Taryn,Yarbro
900000083,Starla,Woelfel
900000084,Krystin,Hinds
900000085,Matthew,Stano
900000086,Willodean,Chesley
900000087,Venetta,Sisco
900000088,Bradley,Dano
900000089,Maudie,Teixeira
900000090,Genesis,Lutz
900000091,Ngan,Marlow
900000092,Ty,Gonsales
900000093,Rhoda,Gooden
900000094,Daria,Papke
900000095,Winnie,Boerger
900000096,Marcie,Osburn
900000097,Isabell,Westman
900000098,Yelena,Mccreery
900000099,Leone,Plouffe
900000100,Gertrude,Rourke
900000101,Dexter,Sosnowski
900000102,Lisette,Junior
900000103,Velma,Mungo
900000104,Letha,Gu
900000105,Charmaine,Nishimoto
900000106,Mistie,Lindblom
900000107,Moira,Stiger
900000108,Eilene,Hulsey
900000109,Dorian,Widman
900000110,Kera,Kinard
900000111,Laurence,Mounsey
900000112,Enedina,Bramlett
900000113,Thresa,Liles
900000114,Kristi,Delaughter
900000115,Melvin,Steverson
900000116,Aiko,Russel
900000117,Jenna,Mcmillen
900000118,Mittie,Hoying
900000119,Ara,Byrnes
900000120,Dodie,Roark
900000121,Freeman,Gammons
900000122,Debby,Gramling
900000123,Freddy,Linzy
900000124,Moises,Sheeley
900000125,Kiyoko,Yowell
900000126,Dona,Toller
900000127,Lanette,Lariviere
900000128,Kathe,Fray
900000129,Dusty,Dauphinais
900000130,Dania,Suitt
900000131,Camilla,Mcelligott
900000132,Lacey,Kohlmeier
900000133,Merissa,Merchant
900000134,Norine,Benningfield
900000135,Keren,Cothern
900000136,Shayla,Sclafani
900000137,Shu,Stall
900000138,Jefferey,Grieve
900000139,Nicky,Bohr
900000140,Mirian,Bruemmer
900000141,Ma,Mcgeorge
900000142,Zona,Gardenhire
900000143,Jane,Cover
900000144,Angelica,Botello
900000145,Pamila,Buch
900000146,Stella,Schultheis
900000147,Carmina,Garriga
900000148,Suzanna,Keach
900000149,Olympia,Caddell
900000150,Ginger,Daoust
900000151,Boyd,Stelzer
900000152,Deena,Dubrey
900000153,Chanelle,Dozier
900000154,Malisa,Cork
900000155,Glen,Vivian
900000156,Viki,Michaelsen
900000157,Shonna,Fogle
900000158,Estella,Cronkhite
900000159,Norine,Garofalo
900000160,Ofelia,Huffines
900000161,Phil,Pilkington
900000162,Rubin,Tremble
900000163,Brianna,Oates
900000164,Tomas,Hubbert
900000165,Minta,Desroches
900000166,Claire,Ammons
900000167,India,Pilger
900000168,Fermina,Onofrio
900000169,Geralyn,Hartung
900000170,Mia,Lopresti
900000171,Margurite,Weide
900000172,Virgil,Feggins
900000173,Latrina,Arena
900000174,Cori,Trembath
900000175,Alec,Seigel
900000176,Annelle,Hancock
900000177,Hedwig,Ollis
900000178,Shenika,Mahr
900000179,Kam,Bartkowski
900000180,Rodolfo,Whelchel
900000181,Jennette,Bomberger
900000182,Rosalinda,Najarro
900000183,Pam,Clayson
900000184,Adolph,Apel
900000185,Libby,Albanese
900000186,Spring,Neer
900000187,Honey,Hougen
900000188,Jovan,Triplett
900000189,Latesha,Burney
900000190,Timika,Pinard
900000191,Palmer,Mondragon
900000192,Treva,Gasaway
900000193,Marielle,Ginter
900000194,Glory,Devaughn
900000195,Christa,Riedel
900000196,Jesus,Queener
900000197,John,Josephs
900000198,Gladys,Mauldin
900000199,Mica,Holmberg
